{"cameraMode":{"drawMode":0,"name":"Shaded","section":"Shading Mode"},"sceneLighting":false,"audioPlay":false,"sceneViewState":{"m_AlwaysRefresh":false,"showFog":false,"showSkybox":false,"showFlares":false,"showImageEffects":false,"showParticleSystems":false,"showVisualEffectGraphs":true,"m_FxEnabled":true},"in2DMode":false,"pivot":{"x":-0.02531646564602852,"y":0.8453559279441834,"z":-0.025154203176498414},"rotation":{"x":0.010784251615405083,"y":0.9874168038368225,"z":-0.13744677603244782,"w":0.07747401297092438},"size":0.520995020866394,"orthographic":false}