{"cameraMode":{"drawMode":0,"name":"Shaded","section":"Shading Mode"},"sceneLighting":false,"audioPlay":false,"sceneViewState":{"m_AlwaysRefresh":false,"showFog":false,"showSkybox":false,"showFlares":false,"showImageEffects":false,"showParticleSystems":false,"showVisualEffectGraphs":true,"m_FxEnabled":true},"in2DMode":false,"pivot":{"x":0.008024036884307862,"y":0.038564711809158328,"z":0.9269999265670776},"rotation":{"x":-0.015969641506671907,"y":0.9817131161689758,"z":-0.16378122568130494,"w":-0.09572326391935349},"size":1.1885464191436768,"orthographic":false}