{"cameraMode":{"drawMode":0,"name":"Shaded","section":"Shading Mode"},"sceneLighting":false,"audioPlay":false,"sceneViewState":{"m_AlwaysRefresh":false,"showFog":false,"showSkybox":false,"showFlares":false,"showImageEffects":false,"showParticleSystems":false,"showVisualEffectGraphs":true,"m_FxEnabled":true},"in2DMode":false,"pivot":{"x":-0.3650814890861511,"y":0.9901634454727173,"z":-0.12038213014602661},"rotation":{"x":0.010784251615405083,"y":0.9874168038368225,"z":-0.13744677603244782,"w":0.07747401297092438},"size":1.4225441217422486,"orthographic":false}