{"cameraMode":{"drawMode":0,"name":"Shaded","section":"Shading Mode"},"sceneLighting":false,"audioPlay":false,"sceneViewState":{"m_AlwaysRefresh":false,"showFog":false,"showSkybox":false,"showFlares":false,"showImageEffects":false,"showParticleSystems":false,"showVisualEffectGraphs":true,"m_FxEnabled":true},"in2DMode":false,"pivot":{"x":0.11129333078861237,"y":1.1991935968399048,"z":0.01895219087600708},"rotation":{"x":0.010784251615405083,"y":0.9874168038368225,"z":-0.13744677603244782,"w":0.07747401297092438},"size":1.0800042152404786,"orthographic":false}